,1
0,помогает
1,бескорыстная
2,подходит
3,прежде всего
4,
5,изысканно
6,чемпион
7,персонажи
8,доверие
9,энтузиаст
10,ну\-округлые
11,вдохновляющие
12,оценил
13,примерное
14,прекрасный
15,омолодиться
16,вообще предпочитает
17,слава
18,аккламации
19,с юмором
20,ликую
21,ультра\-хрустящий
22,утверждение
23,красиво
24,право
25,мира\известные
26,нежнейшее
27,любит
28,экстази
29,краеугольный камень
30,расширение прав и возможностей
31,теплится
32,элегантно
33,адекватные
34,беспристрастный
35,фонтанировать
36,вкусу
37,подтверждение
38,увлеченность
39,веселость
40,улучшить
41,возрождение
42,безупречный
43,неприступной
44,остро
45,самоопределение\самоопределения
46,успехов
47,обнять
48,выдающиеся
49,радуют
50,радостно
51,правильно
52,насыщенный
53,Триумфальная
54,краткий
55,незатронутый
56,повысить
57,ослабление
58,спокойный
59,поддержка
60,выгодно
61,триумфальное
62,престиж
63,верность
64,богатые
65,интригует
66,позволить себе
67,возбуждает
68,пользу
69,гениально
70,\-дружественный
71,удовольствия
72,острый
73,хорошо\информированы
74,выживший
75,пре\-видных
76,реалистичные
77,салют
78,стильно
79,расслабились
80,потешить
81,дотирует
82,rewardingly
83,целеустремленный
84,тпру
85,плюсы
86,чисто
87,повышение
88,подметание
89,победа
90,радужно
91,задорные
92,быстрый
93,лучше
94,успокаивающе
95,расцвет
96,рассвет
97,ну\-считать
98,щедро
99,рекомендации
100,длительное\-длительный
101,тверже
102,красив
103,протуберанец
104,счастлив
105,умный
106,романтично
107,ослепительно
108,просветление
109,низкопоклонство
110,яснее
111,впечатляет
112,задумчивость
113,живо
114,внимательный
115,обожая
116,контратаки\-атаки
117,веселый
118,низкий\цены
119,цветение
120,успокаивание
121,талант
122,интригующе
123,выкупить
124,великолепно
125,именитые
126,очаровательный
127,достаточно
128,безошибочно
129,острый
130,замечательный
131,прогресс
132,\-экономия
133,любимые
134,нежный
135,экономия
136,сытно
137,симпатичная
138,героизировать
139,лучше
140,бесподобная
141,плюсы
142,jollify
143,жаждущие
144,Маня
145,преемственность
146,
147,
148,
149,
150,
151,
152,
153,
154,
155,
156,
157,
158,
159,
160,
161,
162,
163,
164,
165,
166,
167,
168,
169,
170,
171,
172,
173,
174,
175,
176,
177,
178,
179,
180,
181,
182,
183,
184,
185,
186,
187,
188,
189,
190,
191,
192,
193,
194,
195,
196,
197,
198,
199,
200,
201,
202,
203,
204,
205,роскошно
206,виртуозно
207,небо
208,восхищение
209,старательно
210,изобилие
211,попасть
212,вежливые
213,мирно
214,избраное
215,счастливее
216,захватывающее
217,beautifullly
218,уютная
219,дружбе
220,подсластить
221,благо
222,иллюминаты
223,улучшить
224,лучшие
225,\-безболезненными
226,благотворное
227,поражает
228,хватает
229,безопасный
230,причудливый
231,обожал
232,худой
233,откровение
234,Блум
235,игристое
236,с уважением
237,завет
238,удивительный
239,штраф\-просмотр
240,реформирование
241,полезным
242,правильно
243,образование
244,превосходно
245,поэтический
246,мастерски
247,живучий
248,дорогая
249,щедрость
250,смак
251,сокровище
252,красноречие
253,нерушимо
254,радостно
255,слава
256,amiabily
257,радует
258,увлечен
259,перегнал
260,опытный
261,уверен
262,бережное
263,опрятных
264,данке
265,успокоить
266,известность
267,ароматный
268,стойкий
269,злорадством
270,яркие
271,лучшие\-выполнение
272,cashbacks
273,набирает
274,запоминающимся
275,проницательный
276,сложные
277,примечательно
278,умнее
279,ловко
280,прост\-в\-использовать
281,полюбовно
282,почетный
283,поманит
284,послушный
285,вежливость
286,различие
287,херувим
288,доверчиво
289,огромные
290,дешевле
291,неприкосновенны
292,труба
293,скромный
294,магия
295,плюсы
296,все вокруг
297,харизма
298,кипучий
299,улучшенная
300,руки\-вниз
301,тендер
302,в изобилии
303,Зенит
304,одышка
305,равномерно
306,устойчивый
307,\-поймать глаз
308,благодарен
309,волнение
310,великолепие
311,мягкий
312,приличный
313,сопереживание
314,удостаивает
315,поощрение
316,правильное
317,компактно
318,успокоить
319,совместимые
320,готов
321,мир
322,расширенный
323,доступно
324,игривый
325,превосходит
326,достаточно
327,верность
328,привлечение
329,сказочная страна
330,чувствительный
331,егг\-бесплатно
332,хорошо\-управляемых
333,способен
334,выносливее
335,\-решатель проблем
336,свежее
337,получится
338,Поддерживаемые
339,восторженные
340,занятно
341,приятным
342,благословение
343,комплимент
344,неуязвимым
345,обещал
346,улыбка
347,невероятно
348,помог
349,непоколебимость
350,поддерживает
351,универсальный
352,защитить
353,просторная
354,радуйтесь
355,увлечение
356,необычайно
357,беспристрастный
358,впечатление
359,невероятные
360,гладкий
361,весело
362,взбодрить
363,ну\-воспитанный
364,ну
365,авторитетный
366,благоприятные
367,новаторский
368,лечить\-все
369,серьезно
370,красота
371,хвала
372,престижный
373,здравость
374,перепрофилировать
375,Спаситель
376,ну\-создана
377,уступчивый
378,благородно
379,сенсационное
380,неудержимо
381,подвиг
382,достойно
383,устойчивая
384,шедевр
385,завораживает
386,достижение
387,юркие
388,кооператив
389,смелые
390,Братский
391,блестящие
392,искренне
393,приятным
394,дань
395,отлично
396,превышение
397,удачны
398,беззастенчивого
399,ну\-подключен
400,реформатская
401,оживить
402,выиграть
403,правоту
404,достоинства
405,в Excel
406,энергичный
407,рациональное
408,шикарное
409,трепет
410,нестесненные
411,одобрение
412,Санкт
413,бесшовные
414,Свифт
415,обещаю
416,удобство
417,радости
418,удобно
419,божественно
420,случайно
421,ловко
422,роскошный
423,потрясающий
424,горячо
425,приятно
426,безупречно
427,шикарный
428,статная
429,Форсайт
430,полюбить
431,согласованность
432,энтузиазм
433,чаруют
434,успех
435,добродетель
436,драгоценные
437,образец
438,престижность
439,перещеголяли
440,доброжелательный
441,альтруистически
442,приветливость
443,счастье
444,феноменально
445,приветливость
446,благотворительный
447,топ
448,одобряя
449,радушие
450,по праву
451,вдумчиво
452,бесподобные
453,абсолютно\-новая
454,взволнованно
455,красиво
456,превосходный
457,успех
458,гибкость
459,порезвиться
460,топы
461,эффективно
462,обожаю
463,золотой
464,увлекать
465,ebulliently
466,выпрямление
467,радостно
468,неоспорим
469,потрясающий
470,безупречно
471,вдохновлять
472,колоссально
473,стоит
474,зачарованная
475,лестно
476,легко
477,изумление
478,благодетель
479,поддержка
480,приветливость
481,рекомендации
482,поздравить
483,полноводный
484,галантно
485,лучше\чем\-ожидается
486,обильное
487,отлично
488,непревзойденная
489,безболезненная
490,приветливые
491,эффектно
492,значимым
493,уточнить
494,облегчить
495,индивидуализированный
496,безукоризненно
497,мерцающие
498,привлекательный
499,омолаживается
500,работает
501,возврат
502,изящно
503,пылкое
504,милый
505,ловко
506,живой
507,успешно
508,смягчиться
509,вдумчиво
510,стойкость
511,страстно
512,обеспечение
513,защитники
514,большой палец\-вверх
515,глубокомысленно
516,красноречивый
517,легкомыслие
518,охотно
519,острый
520,готов
521,первый\-в\-класс
522,уравновешенность
523,желательно
524,искупление
525,благодарный
526,возможно
527,затмевала
528,платная\бесплатная
529,удачи
530,восхвалять
531,играючи
532,веселый
533,тоньше
534,marvelousness
535,любовь
536,поразительное
537,выделенного
538,доходчиво
539,поклонник
540,преодолеть
541,футуристический
542,сенсационно
543,достойный
544,недорого
545,рвение
546,propitiously
547,величие
548,от всего сердца
549,радостно
550,с упоением
551,просмотреть
552,легче
553,умело
554,детский
555,fancinating
556,экстаз
557,веселый
558,правдивые
559,порядочность
560,ласковая
561,чистота
562,эластичной
563,святость
564,с улыбкой
565,нахваливать
566,поразительно
567,единство
568,великолепный
569,тривиально
570,проницательность
571,экономических
572,милые
573,победитель
574,счастье
575,последовательно
576,аплодирую
577,зимородок
578,fecilitous
579,благотворно
580,жесткие
581,бдительность
582,живой
583,пышные
584,горячо
585,толково
586,выпрямить
587,классический
588,свежие
589,незабываемые
590,светящиеся
591,стимулировать
592,мозговитый
593,ангельский
594,добродушный
595,светящиеся
596,приз
597,believeable
598,Добро пожаловать
599,приятно
600,знающие
601,совместно
602,быстрое
603,непревзойденный
604,выполнить
605,ву
606,более\-известно
607,универсальность
608,подлинный
609,увлекательная
610,проверке
611,умение
612,выпот
613,процветает
614,восхищение
615,интимные
616,творческий
617,однозначно
618,похвально
619,хорошо\намерениями
620,стихийный
621,персонализированные
622,привлекательно
623,облегчение
624,великолепный
625,идеальный
626,бесспорно
627,промоутер
628,завистливо
629,просветлит
630,искренне
631,привлекательным
632,эффективным
633,флаттер
634,ну\-получил
635,простой
636,любить
637,альтруистические
638,горячие пирожки
639,радует
640,адаптивная
641,любезный
642,светодиодные
643,сказочно
644,утверждаю
645,интересные
646,заметно
647,благородным
648,восхищенно
649,ясность
650,настраивать
651,надежно
652,экспансивно
653,доступен
654,гармония
655,гениальный
656,неунывающий
657,опережая
658,амбициозные
659,бесценный
660,выгодно
661,гладкая
662,непорочный
663,лечить
664,легендарный
665,стоит\-пока
666,обильно
667,большой
668,революционизировать
669,бесстрашный
670,ура
671,Процветающая
672,вундеркинд
673,цепко
674,однозначно
675,загогулина
676,чисто
677,назидать
678,простите
679,в частности
680,зависть
681,сладкий
682,навязчивости
683,перехитрить
684,хорошо\доброжелатели
685,подбодрить
686,челюсти\-падают
687,чрезвычайно
688,выживание
689,разнообразие
690,привилегия
691,очистить
692,героиня
693,разнообразить
694,восстановлены
695,рывок
696,снисходительно
697,экстатическое
698,соблазнительно
699,наслаждаясь
700,благородный
701,\-острая бритва
702,удовлетворяет
703,не\насилия
704,точное
705,созреть
706,ярые
707,устремления
708,покоряющие
709,положительные
710,приятности
711,членораздельно
712,инструментальная
713,одаренных
714,храбрость
715,совершенство
716,илу
717,малыш\-фрэндли
718,мастера
719,предусмотрительно
720,благослови
721,торг
722,изумительно
723,волнующе
724,верхний\качество
725,хороший
726,галантный
727,превосходная
728,квалифицировать
729,неустрашимый
730,довольство
731,пользуется
732,лестно
733,лояльность
734,мерцающий
735,руководство
736,чище
737,доказывает
738,радиант
739,безбоязненно
740,адвокат
741,творческие
742,феноменальный
743,льстивый
744,удобно
745,prospros
746,страннее
747,настойчивость
748,дополняет
749,примирительные
750,юмор
751,божественное
752,рекомендую
753,высококлассные
754,доблестно
755,игриво
756,чудесно
757,компактный
758,красиво
759,свинец
760,значительное
761,герой
762,гарантия
763,ощущения
764,доступная
765,прозорливость
766,стабильный
767,любит
768,провиденс
769,благоговейный страх
770,мягче
771,перегнать
772,конструктивные
773,быстрый\-темп
774,ликование
775,царственная
776,дотировать
777,raptureously
778,сладость
779,блеск
780,предпочитает
781,награждение
782,умело
783,завидно
784,хорошо
785,влиятельные
786,богато
787,вместительный
788,трудолюбивый
789,удивить
790,непогрешимость
791,миловидные
792,волнение
793,величие
794,Бог\-отправить
795,чрезвычайно
796,мертвых\-дешевые
797,крепкая
798,предпочтительнее
799,пронзительно
800,благоговейно
801,нахваливают
802,обожанием
803,непоколебимая
804,бесплатно
805,удобные
806,кэшбэк
807,ужасно
808,захватывающие
809,в будущем
810,веселье
811,поддерживает
812,быстро\-растет
813,готова
814,безупречная
815,неограниченное
816,выиграл
817,как
818,великолепный
819,вкусные
820,ярче
821,точно
822,возможность
823,возвеличить
824,праведный
825,несомненно
826,не\насилия
827,перспективный
828,успешно
829,stellarly
830,рычаги
831,одобрить
832,получить
833,прибыльный
834,развеселила
835,Находка
836,смелый
837,поднимать настроение
838,свобода
839,благоговения
840,воспитание
841,праздник
842,поздравительное
843,дополнительных
844,слепили
845,обожаю
846,жаждущих
847,состояние\-в\-в\-арт
848,убедительно
849,средство
850,заслуживающих доверия
851,гордый
852,бэкдор
853,надежный
854,наглядно
855,обхитрить
856,невиновных
857,завораживает
858,красиво
859,успешный
860,юмористичный
861,благоприятствует
862,обгон
863,блеск
864,оценивающе
865,жизнерадостный
866,работа
867,коммуникабельный
868,эрудированный
869,вдохновляет
870,улыбается
871,доверять
872,удивительно
873,ослабла
874,верный
875,правильно
876,благоприятные
877,победил
878,ценит
879,освятил
880,просторнее
881,гламурные
882,очарование
883,награда
884,Хейл
885,аутентичные
886,непорочное
887,умный
888,новинка
889,удалось
890,быстрый
891,красивый
892,развлекает
893,оправдать
894,красивое
895,квалифицированные
896,теплый
897,бережливый
898,шикарно
899,жесткая
900,равнодушным
901,обновленный
902,красота
903,просветите
904,осуществимо
905,благонадежность
906,судоходна
907,добро
908,роскошные
909,контрастный
910,плодотворным
911,низкая\-стоимость
912,любование
913,надежно
914,поразило
915,понятно
916,порядок
917,завораживают
918,избр
919,безобидные
920,благодарен
921,чудесные
922,завидная
923,оптосоз
924,модно
925,изобилуют
926,обтекаемый
927,безопасно
928,плавно
929,поучительно
930,доброта
931,победив
932,восторженные
933,удивлять
934,экспансивный
935,добродетельный
936,незаменим
937,поэтизируют
938,стремительность
939,удовольствие
940,ведет
941,пунктуальная
942,непонятненько
943,соблазнительно
944,доверие
945,омолаживающий
946,управляемый
947,первостепенное значение
948,скромность
949,славный
950,ответственно
951,монументально
952,преимущества
953,богатство
954,сексуальный
955,обращение
956,Звездная
957,поражений
958,взволнован
959,гармоничный
960,потрясающе
961,съемная
962,жеманство
963,обзавидоваться
964,злющий
965,ужасно
966,оперативно
967,ловко
968,настоящий
969,приятным
970,везучий
971,субсидируемые
972,lovably
973,изумление
974,гладкие
975,украсить
976,мужественно
977,доброжелательность
978,легкое
979,утверждают
980,гений
981,упрощает
982,затмить
983,святые
984,ценные
985,дорогая
986,pamperedly
987,забавно
988,доказывая
989,от души
990,уравновешенность
991,предпочитая
992,лихой
993,шикарно
994,обаятельный
995,заслуженный
996,восхищенные
997,буйный
998,Отрадное
999,futurestic
1000,любят
1001,бодрый
1002,успокаивающе
1003,первенствует
1004,процветания
1005,уважительное
1006,блеск
1007,восхитительные
1008,классный
1009,достаточно
1010,блеск
1011,восторженно
1012,непогрешимый
1013,милосердный
1014,сильно
1015,ошарашен
1016,эффективные
1017,куртуазный
1018,стабильность
1019,доброй воли
1020,приятно
1021,приятность
1022,счастливо
1023,excitedness
1024,надежный
1025,завораживающий
1026,понятно
1027,бдительно
1028,Грозный
1029,умный
1030,вернуть
1031,оскал
1032,активные
1033,тепленькие
1034,дружелюбный
1035,удачное
1036,приятно
1037,необыкновенно
1038,энергии-экономия
1039,горячая
1040,эйфорическое
1041,статный
1042,восторг
1043,удивительно
1044,обновилась
1045,доминирует
1046,низкая\-цена
1047,реструктуризированы
1048,тепло
1049,модные
1050,ошарашенные
1051,принципиальная
1052,твердые
1053,битая
1054,уместно
1055,веселый
1056,современные
1057,большой
1058,развлекать
1059,живописный
1060,понравилось
1061,единение
1062,тяги
1063,экономия
1064,выдвижной
1065,проницательно
1066,превосходство
1067,победы
1068,инновационные
1069,осветлить
1070,отлично
1071,запасливый
1072,романтизировать
1073,случайно
1074,благодарность
1075,удовлетворяя
1076,нереально
1077,лирическая
1078,elatedly
1079,удовлетворительное
1080,выдающийся
1081,остроумно
1082,наслаждайтесь
1083,совершенство
1084,нахваливать
1085,подтвердить
1086,реструктуризация
1087,удовлетворяется
1088,освежающий
1089,красиво
1090,скромный
1091,величественные
1092,популярные
1093,поражаюсь
1094,золото
1095,допустимо
1096,элегантность
1097,экономичный
1098,supurbly
1099,бесценно
1100,серьезностью
1101,сторонник
1102,превзойти
1103,облегчает
1104,прирост
1105,великолепно
1106,очищает
1107,пациент
1108,ведущий
1109,восстановление
1110,фантастически
1111,отмечается
1112,экспансивностью
1113,увлечь
1114,наибольшее
1115,бум
1116,целомудренная
1117,изнеженные
1118,оптимистичной
1119,убедительно
1120,шикарный
1121,богатый
1122,волшебный
1123,бодрит
1124,первый\-класс
1125,заслуга
1126,раппорт
1127,придает энергию и живость
1128,овации
1129,читабельно
1130,законно
1131,простодушный
1132,мирный
1133,трудолюбие
1134,\-заслуженный времени
1135,отличный
1136,расторопные
1137,простодушно
1138,удаль
1139,реформы
1140,просторная
1141,замечательно
1142,процветать
1143,решающим
1144,обнадеживающе
1145,восстановить
1146,похвально
1147,устойчивость
1148,квалифицированные
1149,превышать
1150,пробои
1151,быстрее
1152,заманчиво
1153,\-рентабельным
1154,роскошно
1155,везения
1156,любовь
1157,ловкие
1158,обожателем
1159,четче
1160,умело
1161,решительность
1162,удобно
1163,в высшей степени
1164,сильный
1165,юмористические
1166,похвально
1167,супер
1168,сменный
1169,предпочитаю
1170,чемпион
1171,upliftingly
1172,сладко
1173,превосходно
1174,гипнотизировать
1175,комплексный
1176,патриот
1177,jubiliant
1178,обещания
1179,царственно
1180,улыбки
1181,знаменательное
1182,впечатлило
1183,искренность
1184,защитный
1185,интуитивно понятный
1186,чудесное
1187,привлечение
1188,внушительность
1189,достойно
1190,возбуждающе
1191,умный
1192,любовь
1193,страстные
1194,довольно
1195,честность
1196,конкурентоспособная
1197,роскошествовать
1198,заветные
1199,эффективные
1200,завораживают
1201,дерзкий
1202,учтивый
1203,исключительно
1204,разумный
1205,гладкой
1206,признанного
1207,почитать
1208,беспристрастно
1209,четкие\вырезать
1210,удобен
1211,\-легкозаменяемый
1212,блестяще
1213,ну\-послушный
1214,динамические
1215,весело
1216,"идеал, например"
1217,впечатляет
1218,шедевры
1219,свободно
1220,завораживающе
1221,свобод
1222,гибкий
1223,трофей
1224,стимулирование
1225,задобрить
1226,безболезненно
1227,интересы
1228,полезная
1229,легче
1230,Бог\-дали
1231,достижение
1232,сильнейший
1233,возбуждение
1234,модернизируемые
1235,приятно
1236,аргументированно
1237,глубокое
1238,блаженство
1239,мгновенно
1240,ловко
1241,башковитый
1242,душевный
1243,плодовитый
1244,ура
1245,с благодарностью
1246,изобретательность
1247,юркий
1248,беззаботно
1249,хорошо\самочувствия
1250,рвение
1251,мульти\многоцелевой
1252,боготворил
1253,Видное
1254,беспристрастность
1255,заслуживает
1256,изворотливость
1257,поразительно
1258,увлекательно
1259,достижимо
1260,поздравление
1261,мастер
1262,прочный
1263,искренние
1264,субсидирование
1265,великолепно
1266,зрело
1267,спокойной
1268,пощипывание
1269,whoooa
1270,геройски
1271,премьер
1272,поощрение
1273,превышен
1274,жадно
1275,увлекательные
1276,открыто
1277,бурелом
1278,Репутация
1279,освободить
1280,приятно
1281,огромное
1282,восторженно
1283,жизнерадостный
1284,набожный
1285,возродить
1286,мощный
1287,Триумф
1288,праздничный
1289,верно
1290,хорошо\сбалансированным
1291,соблазнить
1292,величать
1293,доброжелательность
1294,козырный
1295,завораживающе
1296,чудеса
1297,известный
1298,модные
1299,духовное
1300,процветает
1301,свободно
1302,прогрессивные
1303,яркий
1304,стимулирующее
1305,гостеприимные
1306,могучий
1307,знаменитый
1308,обновить
1309,Верховный
1310,отличила
1311,цивилизовать
1312,быстрее
1313,проницательно
1314,ловкие
1315,инновации
1316,модернизируемый
1317,фантазии
1318,любитель
1319,восторг
1320,неоценимую
1321,восторженно
1322,замысловатые
1323,неповрежденный
1324,небесный
1325,ловкие
1326,восторг
1327,превосходство
1328,верный
1329,восхитительный
1330,нержавеющая
1331,благодать
1332,самообороны-респект
1333,интегрированный
1334,непобедимый
1335,великолепный
1336,утешает
1337,предприимчивые
1338,вызывающим
1339,изящный
1340,неустрашимый
1341,вдохновения
1342,пыл
1343,спокойствие
1344,Высокопреосвященство
1345,лелею
1346,красноречиво
1347,реформы
1348,награжден
1349,просторная
1350,привилегированные
1351,уважаемый
1352,выпрямления
1353,славно
1354,заслуженно
1355,праздновать
1356,праздничный
1357,блестящие
1358,великолепно
1359,\-без проблем
1360,обильное
1361,этические
1362,удивительно
1363,возвеличивая
1364,беззастенчиво
1365,терпение
1366,град
1367,милостиво
1368,судьба
1369,правдоподобно
1370,пожалуйста
1371,положительно
1372,неустрашимому
1373,привлекательная
1374,сказочный
1375,несомненно
1376,превышает
1377,оригинальность
1378,дразнящий
1379,продуктивно
1380,награда
1381,старательная
1382,чист
1383,однозначно
1384,рад
1385,мучить
1386,сговорчивым
1387,награды
1388,мужество
1389,бесшумные
1390,рокстар
1391,поражать
1392,доверяя
1393,тоньше
1394,очаровательны
1395,свечение
1396,улучшение
1397,смело
1398,льстить
1399,очаровательно
1400,здоровый
1401,удачливее
1402,понравилось
1403,храбрый
1404,мудрость
1405,чудеса
1406,вразумительного
1407,экзальтация
1408,революционная
1409,быстро\-растет
1410,доступным
1411,тихий
1412,спокойный
1413,селективный
1414,эффузивные
1415,pepping
1416,реализуемо
1417,в идеале
1418,осветить
1419,допустимо
1420,превосходительство
1421,непобедимость
1422,монументальная
1423,эффективное
1424,трогательный
1425,упрощение
1426,недурно\-вверх
1427,гарантии
1428,обогатить
1429,доблестные
1430,поражение
1431,поддержать
1432,любимые
1433,проще
1434,надежно
1435,оценочные
1436,феерично
1437,самое лучшее\продаваемых
1438,богоподобный
1439,изысканный
1440,дипломатические
1441,плодородная
1442,Чрезвычайный
1443,сказочные
1444,модернизированный
1445,сердобольные
1446,богато
1447,бодрят
1448,решительные
1449,неотразимый
1450,бесподобный
1451,драгоценные камни
1452,хвалят
1453,оазис
1454,аккуратно
1455,запись\-настройки
1456,к счастью
1457,оптимистичный
1458,бенефициар
1459,горячности
1460,высокая\качество
1461,удачи
1462,оптимальным
1463,стремиться
1464,сопереживать
1465,достижения
1466,уточнение
1467,сюрреалистично
1468,удобные
1469,уверенность
1470,электрифицировать
1471,адаптируется
1472,пышные
1473,пользу
1474,процветать
1475,уверяю
1476,разумно
1477,блеск
1478,восхитительно
1479,обильные
1480,любимый
1481,deginified
1482,незаложенный
1483,invaluablely
1484,ярмарка
1485,правдиво
1486,эффектные
1487,захватывающий
1488,полезная
1489,оперативно
1490,боготворят
1491,похвально
1492,вежливый
1493,ободряюще
1494,впечатляюще
1495,герои
1496,заворожен
1497,выманили
1498,аккуратные
1499,смирение
1500,разумно
1501,повышает
1502,камень
1503,ясный
1504,сияние
1505,с нетерпением
1506,миротворцев
1507,enrapt
1508,награды
1509,респектабельный
1510,обильные
1511,разумные
1512,триумфально
1513,признание
1514,балует
1515,энергичный
1516,слышно
1517,экзальтированные
1518,ремиссии
1519,усердно\-рабочая
1520,удивился
1521,освещения
1522,счастливый
1523,честно
1524,довольны
1525,горячо
1526,быстрый
1527,позитивные
1528,удовольствие
1529,ослепление
1530,бережливость
1531,одобряет
1532,рекомендуемые
1533,кумир
1534,блестящие
1535,слик
1536,прочнее
1537,спокойствие
1538,хрустящий
1539,чудо
1540,стимулирует
1541,поручиться
1542,изысканный
1543,dotingly
1544,кайф
1545,благодарю
1546,подъем
1547,любовник
1548,titillatingly
1549,элита
1550,выгодно
1551,большие\-емкость
1552,авторитетных
1553,закон\законопослушный
1554,Вау
1555,вклад
1556,дразняще
1557,ублажать
1558,устойчивое
1559,блокбастер
1560,изобилие
1561,законный
1562,рекомендую
1563,увлекательный
1564,пышности
1565,гордость
1566,дивное
1567,упорно
1568,прекрасный
1569,мужественность
1570,свободы
1571,разглаживает
1572,примирить
1573,achievible
1574,недорогой
1575,выдающе
1576,автономные
1577,благополучия
1578,блестят
1579,мотивированным
1580,честь
1581,мудро
1582,правдивость
1583,первоклассный
1584,чудо
1585,развлекательные
1586,продуктивным
1587,солидарность
1588,сильнее
1589,\-ловить глаз
1590,признаки
1591,угождение
1592,хорошая
1593,находчивый
1594,милосердие
1595,ликующий
1596,достоинства
1597,удовлетворить
1598,ну\-подсветкой
1599,бесспорным
1600,поражает
1601,интрига
1602,страстный
1603,вежливость
1604,упрощенный
1605,надежный
1606,дотошно
1607,приятно
1608,восхищен
1609,рок\-звезда
1610,молодой
1611,ошеломительным
1612,страсть
1613,ликующий
1614,задорно
1615,бережно
1616,блаженно
1617,смак
1618,величество
1619,выполнение
1620,заманчиво
1621,мужественный
1622,приятным
1623,чистые
1624,джолли
1625,желая
1626,сказочно
1627,революционизирует
1628,блестящий
1629,дать
1630,к счастью
1631,поднять
1632,преимущества
1633,pamperedness
1634,эйфорией
1635,чудо
1636,приобрел
1637,маневренный
1638,баловать
1639,вызывающи
1640,дворцовым
1641,щекотать
1642,одержимость
1643,портативный
1644,тактичный
1645,поощрять
1646,чествование
1647,ну\-запустить
1648,крутой
1649,теплее
1650,стилизованные
1651,роскошный
1652,первый\-скорость
1653,блеск
1654,реверанс
1655,безупречная
1656,самообеспечение\самодостаточности
1657,манекен\-доказательство
1658,великолепие
1659,пышное
1660,восхищаюсь
1661,прославленный
1662,обогащение
1663,непобедим
1664,очаровательно
1665,правильно
1666,хорошо\благовоспитанных
1667,поражает
1668,поманили
1669,поздравления
1670,убежденный
1671,слышно
1672,эффективность
1673,изящный
1674,успехов
1675,успех
1676,аккомодационная
1677,стремление
1678,щедрый
1679,святой
1680,рай
1681,беда\-бесплатно
1682,д
1683,изобилие
1684,выполнимый
1685,вечный
1686,безвредно
1687,радость
1688,яркие
1689,идеализировать
1690,raptureous
1691,удивлен
1692,подивились
1693,надеюсь
1694,brilliances
1695,опередили
1696,ценю
1697,легкость
1698,терпеливо
1699,повышение
1700,расчетливость
1701,добросовестный
1702,таланты
1703,облагородить
1704,точно
1705,мудрый
1706,деликатес
1707,вера
1708,разумное
1709,спелости
1710,роскошный
1711,звучное
1712,свежие
1713,блистательный
1714,зачаровать
1715,увлекать
1716,"ну\, расположенный"
1717,достатка
1718,отличительные
1719,почтительность
1720,самообороны-удовлетворение
1721,Связной
1722,амбициозно
1723,справедливое
1724,примирить
1725,поддержу
1726,жестче
1727,праведность
1728,передышка
1729,чудом
1730,одобряю
1731,ура
1732,запальчивости
1733,возбуждают
1734,фантастический
1735,замечательный
1736,романтический
1737,шикарный
1738,выкуп
1739,мощно
1740,благодетельный
1741,победоносная
1742,мирное
1743,милостивый
1744,мастерство
1745,опьяняюще
1746,доступен
1747,идеал
1748,поднимает настроение
1749,дополнить
1750,Ренессанс
1751,поддержал
1752,стойкость
1753,лучшие
1754,звучат
1755,Ревель
1756,exultingly
1757,цепкость
1758,достижения
1759,перегнали
1760,шикарный
1761,спокойной
1762,shimmeringly
1763,дешевые
1764,гармонично
1765,самообороны-достаточно
1766,смешинки
1767,примирение
1768,персик
1769,неоспоримо
1770,манит
1771,удивительно
1772,героический
1773,живой
1774,поразил
1775,подскажите
1776,любил
1777,exaltedly
1778,оживить
1779,защита
1780,красивые
1781,блаженный
1782,плюшевые
1783,доказано
1784,сродство
1785,Вопрос\-бесплатно
1786,вершина
1787,безусловный победитель
1788,переплюнуть
1789,близость
1790,надежные
1791,высшего\-нотч
1792,растаможен
1793,Браво
1794,великодушно
1795,радость
1796,важно
1797,доминировать
1798,приподнятое
1799,заманчивые
1800,ангел
1801,гуманный
1802,спокойствие
1803,надежный
1804,круто
1805,eyecatch
1806,величие
1807,кричащие
1808,Мерри
1809,огненная
1810,комфорт
1811,связи
1812,плюсы
1813,конгениально
1814,рецептивные
1815,хорошо
1816,готовность
1817,нежный
1818,радостный
1819,удовлетворительно
1820,неосложненный
1821,мертвых\-на
1822,бесподобная
1823,бычий
1824,вменяемый
1825,ниже\цены
1826,стоит
1827,логично
1828,сообразительность
1829,набожность
1830,трепетно
1831,оплачивать
1832,выигрышное
1833,надежный
1834,исправить
1835,спасатель
1836,взволнован
1837,ясно
1838,высокая\-спиртованные
1839,бонус
1840,рад
1841,преимущества
1842,зачарованная
1843,радостный
1844,радуясь
1845,стремление
1846,предпочтительно
1847,грязь\-дешевые
1848,хорошо\-известно
1849,последовательное
1850,апофеоз
1851,упростить
1852,сострадание
1853,возвращен
1854,пригодной к использованию
1855,простой
1856,оплачиваемой
1857,ощущение
1858,лучшие\-известно
1859,подкованных
1860,идиллический
1861,чудесность
1862,заманить
1863,с любовью
1864,нежно
1865,отлично
1866,тише
1867,удивительные
1868,тпру
1869,радует
1870,победители
1871,улучшения
1872,exaltingly
1873,челюсти\-упала
1874,перегнать
1875,с удовольствием
1876,открытость
1877,награда
1878,благоговейно
1879,безграничная
1880,подъема
1881,рыцарство
1882,эргономичный
1883,исключительных
1884,преобладают
1885,Увертюра
1886,простой
1887,знаменитый
1888,фантазер
1889,предпочитаемые
1890,эффективно
1891,великолепно
1892,приятно
1893,справедливо
1894,сердечные
1895,бодрый
1896,обязательство
1897,бонусы
1898,патриотическое
1899,приветливо
1900,острый
1901,чудесный
1902,фанфары
1903,ликовать
1904,освободил
1905,защитник
1906,подтверждение
1907,энергии-эффективное
1908,рок\-звезды
1909,преимущество
1910,отличное
1911,возрождает
1912,быстро
1913,несвязанный
1914,стойко
1915,освобождение
1916,эйфория
1917,дополнить
1918,работал
1919,своевременное
1920,безупречное
1921,участливый
1922,контратаки\-атак
1923,элегантный
1924,сподручнее
1925,Утвердить
1926,ликование
1927,острее
1928,гарантии
1929,сплоченная
1930,дотошный
1931,хорошо\-сделал
1932,excallent
1933,согласовать
1934,благоговейно
1935,молчит
1936,шикарного
1937,свет\сердцем
1938,благоприятный
1939,полезные
1940,горячие
1941,отзывчивый
1942,глубоко
1943,талантливый
1944,яркие
1945,адаптивная
1946,фанаты
1947,приспосабливаемый
1948,выступал
1949,оптимизм
1950,целебный
1951,блестящие
1952,революционизировали
1953,низкая\-риск
1954,Маня
1955,так льстить
1956,юмор
1957,рыцарское
1958,мораль
1959,оживленные
1960,питают
1961,утешение
1962,мелко
1963,рады
1964,сбалансированный
1965,восхищать
1966,стильный
1967,аджилити
1968,законно
1969,лечение
1970,данкен
1971,спокойный
1972,поразительно
1973,мастерское
1974,выпечки
1975,одобрил
1976,изобилует
1977,активизировать
1978,выгодно
1979,хватило
1980,рокстарс
1981,богаче
1982,удобно
1983,точный
1984,удобно
1985,безопасной
1986,завораживающе
1987,интеллект
1988,отличительной чертой
1989,поздравляю
1990,ликующе
1991,бодрит
1992,щекотать
1993,питание
1994,почитать
1995,заслуженный
1996,милосердие
1997,повышение
1998,панорамный
1999,основной
2000,опередить
2001,учтиво
2002,уважение
2003,доверить
2004,хорошо\образованный
