,word
0,abound
1,abounds
2,abundance
3,abundant
4,accessable
5,accessible
6,acclaim
7,acclaimed
8,acclamation
9,accolade
10,accolades
11,accommodative
12,accomodative
13,accomplish
14,accomplished
15,accomplishment
16,accomplishments
17,accurate
18,accurately
19,achievable
20,achievement
21,achievements
22,achievible
23,acumen
24,adaptable
25,adaptive
26,adequate
27,adjustable
28,admirable
29,admirably
30,admiration
31,admire
32,admirer
33,admiring
34,admiringly
35,adorable
36,adore
37,adored
38,adorer
39,adoring
40,adoringly
41,adroit
42,adroitly
43,adulate
44,adulation
45,adulatory
46,advanced
47,advantage
48,advantageous
49,advantageously
50,advantages
51,adventuresome
52,adventurous
53,advocate
54,advocated
55,advocates
56,affability
57,affable
58,affably
59,affectation
60,affection
61,affectionate
62,affinity
63,affirm
64,affirmation
65,affirmative
66,affluence
67,affluent
68,afford
69,affordable
70,affordably
71,afordable
72,agile
73,agilely
74,agility
75,agreeable
76,agreeableness
77,agreeably
78,all-around
79,alluring
80,alluringly
81,altruistic
82,altruistically
83,amaze
84,amazed
85,amazement
86,amazes
87,amazing
88,amazingly
89,ambitious
90,ambitiously
91,ameliorate
92,amenable
93,amenity
94,amiability
95,amiabily
96,amiable
97,amicability
98,amicable
99,amicably
100,amity
101,ample
102,amply
103,amuse
104,amusing
105,amusingly
106,angel
107,angelic
108,apotheosis
109,appeal
110,appealing
111,applaud
112,appreciable
113,appreciate
114,appreciated
115,appreciates
116,appreciative
117,appreciatively
118,appropriate
119,approval
120,approve
121,ardent
122,ardently
123,ardor
124,articulate
125,aspiration
126,aspirations
127,aspire
128,assurance
129,assurances
130,assure
131,assuredly
132,assuring
133,astonish
134,astonished
135,astonishing
136,astonishingly
137,astonishment
138,astound
139,astounded
140,astounding
141,astoundingly
142,astutely
143,attentive
144,attraction
145,attractive
146,attractively
147,attune
148,audible
149,audibly
150,auspicious
151,authentic
152,authoritative
153,autonomous
154,available
155,aver
156,avid
157,avidly
158,award
159,awarded
160,awards
161,awe
162,awed
163,awesome
164,awesomely
165,awesomeness
166,awestruck
167,awsome
168,backbone
169,balanced
170,bargain
171,beauteous
172,beautiful
173,beautifullly
174,beautifully
175,beautify
176,beauty
177,beckon
178,beckoned
179,beckoning
180,beckons
181,believable
182,believeable
183,beloved
184,benefactor
185,beneficent
186,beneficial
187,beneficially
188,beneficiary
189,benefit
190,benefits
191,benevolence
192,benevolent
193,benifits
194,best
195,best-known
196,best-performing
197,best-selling
198,better
199,better-known
200,better-than-expected
201,beutifully
202,blameless
203,bless
204,blessing
205,bliss
206,blissful
207,blissfully
208,blithe
209,blockbuster
210,bloom
211,blossom
212,bolster
213,bonny
214,bonus
215,bonuses
216,boom
217,booming
218,boost
219,boundless
220,bountiful
221,brainiest
222,brainy
223,brand-new
224,brave
225,bravery
226,bravo
227,breakthrough
228,breakthroughs
229,breathlessness
230,breathtaking
231,breathtakingly
232,breeze
233,bright
234,brighten
235,brighter
236,brightest
237,brilliance
238,brilliances
239,brilliant
240,brilliantly
241,brisk
242,brotherly
243,bullish
244,buoyant
245,cajole
246,calm
247,calming
248,calmness
249,capability
250,capable
251,capably
252,captivate
253,captivating
254,carefree
255,cashback
256,cashbacks
257,catchy
258,celebrate
259,celebrated
260,celebration
261,celebratory
262,champ
263,champion
264,charisma
265,charismatic
266,charitable
267,charm
268,charming
269,charmingly
270,chaste
271,cheaper
272,cheapest
273,cheer
274,cheerful
275,cheery
276,cherish
277,cherished
278,cherub
279,chic
280,chivalrous
281,chivalry
282,civility
283,civilize
284,clarity
285,classic
286,classy
287,clean
288,cleaner
289,cleanest
290,cleanliness
291,cleanly
292,clear
293,clear-cut
294,cleared
295,clearer
296,clearly
297,clears
298,clever
299,cleverly
300,cohere
301,coherence
302,coherent
303,cohesive
304,colorful
305,comely
306,comfort
307,comfortable
308,comfortably
309,comforting
310,comfy
311,commend
312,commendable
313,commendably
314,commitment
315,commodious
316,compact
317,compactly
318,compassion
319,compassionate
320,compatible
321,competitive
322,complement
323,complementary
324,complemented
325,complements
326,compliant
327,compliment
328,complimentary
329,comprehensive
330,conciliate
331,conciliatory
332,concise
333,confidence
334,confident
335,congenial
336,congratulate
337,congratulation
338,congratulations
339,congratulatory
340,conscientious
341,considerate
342,consistent
343,consistently
344,constructive
345,consummate
346,contentment
347,continuity
348,contrasty
349,contribution
350,convenience
351,convenient
352,conveniently
353,convience
354,convienient
355,convient
356,convincing
357,convincingly
358,cool
359,coolest
360,cooperative
361,cooperatively
362,cornerstone
363,correct
364,correctly
365,cost-effective
366,cost-saving
367,counter-attack
368,counter-attacks
369,courage
370,courageous
371,courageously
372,courageousness
373,courteous
374,courtly
375,covenant
376,cozy
377,creative
378,credence
379,credible
380,crisp
381,crisper
382,cure
383,cure-all
384,cushy
385,cute
386,cuteness
387,danke
388,danken
389,daring
390,daringly
391,darling
392,dashing
393,dauntless
394,dawn
395,dazzle
396,dazzled
397,dazzling
398,dead-cheap
399,dead-on
400,decency
401,decent
402,decisive
403,decisiveness
404,dedicated
405,defeat
406,defeated
407,defeating
408,defeats
409,defender
410,deference
411,deft
412,deginified
413,delectable
414,delicacy
415,delicate
416,delicious
417,delight
418,delighted
419,delightful
420,delightfully
421,delightfulness
422,dependable
423,dependably
424,deservedly
425,deserving
426,desirable
427,desiring
428,desirous
429,destiny
430,detachable
431,devout
432,dexterous
433,dexterously
434,dextrous
435,dignified
436,dignify
437,dignity
438,diligence
439,diligent
440,diligently
441,diplomatic
442,dirt-cheap
443,distinction
444,distinctive
445,distinguished
446,diversified
447,divine
448,divinely
449,dominate
450,dominated
451,dominates
452,dote
453,dotingly
454,doubtless
455,dreamland
456,dumbfounded
457,dumbfounding
458,dummy-proof
459,durable
460,dynamic
461,eager
462,eagerly
463,eagerness
464,earnest
465,earnestly
466,earnestness
467,ease
468,eased
469,eases
470,easier
471,easiest
472,easiness
473,easing
474,easy
475,easy-to-use
476,easygoing
477,ebullience
478,ebullient
479,ebulliently
480,ecenomical
481,economical
482,ecstasies
483,ecstasy
484,ecstatic
485,ecstatically
486,edify
487,educated
488,effective
489,effectively
490,effectiveness
491,effectual
492,efficacious
493,efficient
494,efficiently
495,effortless
496,effortlessly
497,effusion
498,effusive
499,effusively
500,effusiveness
501,elan
502,elate
503,elated
504,elatedly
505,elation
506,electrify
507,elegance
508,elegant
509,elegantly
510,elevate
511,elite
512,eloquence
513,eloquent
514,eloquently
515,embolden
516,eminence
517,eminent
518,empathize
519,empathy
520,empower
521,empowerment
522,enchant
523,enchanted
524,enchanting
525,enchantingly
526,encourage
527,encouragement
528,encouraging
529,encouragingly
530,endear
531,endearing
532,endorse
533,endorsed
534,endorsement
535,endorses
536,endorsing
537,energetic
538,energize
539,energy-efficient
540,energy-saving
541,engaging
542,engrossing
543,enhance
544,enhanced
545,enhancement
546,enhances
547,enjoy
548,enjoyable
549,enjoyably
550,enjoyed
551,enjoying
552,enjoyment
553,enjoys
554,enlighten
555,enlightenment
556,enliven
557,ennoble
558,enough
559,enrapt
560,enrapture
561,enraptured
562,enrich
563,enrichment
564,enterprising
565,entertain
566,entertaining
567,entertains
568,enthral
569,enthrall
570,enthralled
571,enthuse
572,enthusiasm
573,enthusiast
574,enthusiastic
575,enthusiastically
576,entice
577,enticed
578,enticing
579,enticingly
580,entranced
581,entrancing
582,entrust
583,enviable
584,enviably
585,envious
586,enviously
587,enviousness
588,envy
589,equitable
590,ergonomical
591,err-free
592,erudite
593,ethical
594,eulogize
595,euphoria
596,euphoric
597,euphorically
598,evaluative
599,evenly
600,eventful
601,everlasting
602,evocative
603,exalt
604,exaltation
605,exalted
606,exaltedly
607,exalting
608,exaltingly
609,examplar
610,examplary
611,excallent
612,exceed
613,exceeded
614,exceeding
615,exceedingly
616,exceeds
617,excel
618,exceled
619,excelent
620,excellant
621,excelled
622,excellence
623,excellency
624,excellent
625,excellently
626,excels
627,exceptional
628,exceptionally
629,excite
630,excited
631,excitedly
632,excitedness
633,excitement
634,excites
635,exciting
636,excitingly
637,exellent
638,exemplar
639,exemplary
640,exhilarate
641,exhilarating
642,exhilaratingly
643,exhilaration
644,exonerate
645,expansive
646,expeditiously
647,expertly
648,exquisite
649,exquisitely
650,extol
651,extoll
652,extraordinarily
653,extraordinary
654,exuberance
655,exuberant
656,exuberantly
657,exult
658,exultant
659,exultation
660,exultingly
661,eye-catch
662,eye-catching
663,eyecatch
664,eyecatching
665,fabulous
666,fabulously
667,facilitate
668,fair
669,fairly
670,fairness
671,faith
672,faithful
673,faithfully
674,faithfulness
675,fame
676,famed
677,famous
678,famously
679,fancier
680,fancinating
681,fancy
682,fanfare
683,fans
684,fantastic
685,fantastically
686,fascinate
687,fascinating
688,fascinatingly
689,fascination
690,fashionable
691,fashionably
692,fast
693,fast-growing
694,fast-paced
695,faster
696,fastest
697,fastest-growing
698,faultless
699,fav
700,fave
701,favor
702,favorable
703,favored
704,favorite
705,favorited
706,favour
707,fearless
708,fearlessly
709,feasible
710,feasibly
711,feat
712,feature-rich
713,fecilitous
714,feisty
715,felicitate
716,felicitous
717,felicity
718,fertile
719,fervent
720,fervently
721,fervid
722,fervidly
723,fervor
724,festive
725,fidelity
726,fiery
727,fine
728,fine-looking
729,finely
730,finer
731,finest
732,firmer
733,first-class
734,first-in-class
735,first-rate
736,flashy
737,flatter
738,flattering
739,flatteringly
740,flawless
741,flawlessly
742,flexibility
743,flexible
744,flourish
745,flourishing
746,fluent
747,flutter
748,fond
749,fondly
750,fondness
751,foolproof
752,foremost
753,foresight
754,formidable
755,fortitude
756,fortuitous
757,fortuitously
758,fortunate
759,fortunately
760,fortune
761,fragrant
762,free
763,freed
764,freedom
765,freedoms
766,fresh
767,fresher
768,freshest
769,friendliness
770,friendly
771,frolic
772,frugal
773,fruitful
774,ftw
775,fulfillment
776,fun
777,futurestic
778,futuristic
779,gaiety
780,gaily
781,gain
782,gained
783,gainful
784,gainfully
785,gaining
786,gains
787,gallant
788,gallantly
789,galore
790,geekier
791,geeky
792,gem
793,gems
794,generosity
795,generous
796,generously
797,genial
798,genius
799,gentle
800,gentlest
801,genuine
802,gifted
803,glad
804,gladden
805,gladly
806,gladness
807,glamorous
808,glee
809,gleeful
810,gleefully
811,glimmer
812,glimmering
813,glisten
814,glistening
815,glitter
816,glitz
817,glorify
818,glorious
819,gloriously
820,glory
821,glow
822,glowing
823,glowingly
824,god-given
825,god-send
826,godlike
827,godsend
828,gold
829,golden
830,good
831,goodly
832,goodness
833,goodwill
834,goood
835,gooood
836,gorgeous
837,gorgeously
838,grace
839,graceful
840,gracefully
841,gracious
842,graciously
843,graciousness
844,grand
845,grandeur
846,grateful
847,gratefully
848,gratification
849,gratified
850,gratifies
851,gratify
852,gratifying
853,gratifyingly
854,gratitude
855,great
856,greatest
857,greatness
858,grin
859,groundbreaking
860,guarantee
861,guidance
862,guiltless
863,gumption
864,gush
865,gusto
866,gutsy
867,hail
868,halcyon
869,hale
870,hallmark
871,hallmarks
872,hallowed
873,handier
874,handily
875,hands-down
876,handsome
877,handsomely
878,handy
879,happier
880,happily
881,happiness
882,happy
883,hard-working
884,hardier
885,hardy
886,harmless
887,harmonious
888,harmoniously
889,harmonize
890,harmony
891,headway
892,heal
893,healthful
894,healthy
895,hearten
896,heartening
897,heartfelt
898,heartily
899,heartwarming
900,heaven
901,heavenly
902,helped
903,helpful
904,helping
905,hero
906,heroic
907,heroically
908,heroine
909,heroize
910,heros
911,high-quality
912,high-spirited
913,hilarious
914,holy
915,homage
916,honest
917,honesty
918,honor
919,honorable
920,honored
921,honoring
922,hooray
923,hopeful
924,hospitable
925,hot
926,hotcake
927,hotcakes
928,hottest
929,hug
930,humane
931,humble
932,humility
933,humor
934,humorous
935,humorously
936,humour
937,humourous
938,ideal
939,idealize
940,ideally
941,idol
942,idolize
943,idolized
944,idyllic
945,illuminate
946,illuminati
947,illuminating
948,illumine
949,illustrious
950,ilu
951,imaculate
952,imaginative
953,immaculate
954,immaculately
955,immense
956,impartial
957,impartiality
958,impartially
959,impassioned
960,impeccable
961,impeccably
962,important
963,impress
964,impressed
965,impresses
966,impressive
967,impressively
968,impressiveness
969,improve
970,improved
971,improvement
972,improvements
973,improves
974,improving
975,incredible
976,incredibly
977,indebted
978,individualized
979,indulgence
980,indulgent
981,industrious
982,inestimable
983,inestimably
984,inexpensive
985,infallibility
986,infallible
987,infallibly
988,influential
989,ingenious
990,ingeniously
991,ingenuity
992,ingenuous
993,ingenuously
994,innocuous
995,innovation
996,innovative
997,inpressed
998,insightful
999,insightfully
1000,inspiration
1001,inspirational
1002,inspire
1003,inspiring
1004,instantly
1005,instructive
1006,instrumental
1007,integral
1008,integrated
1009,intelligence
1010,intelligent
1011,intelligible
1012,interesting
1013,interests
1014,intimacy
1015,intimate
1016,intricate
1017,intrigue
1018,intriguing
1019,intriguingly
1020,intuitive
1021,invaluable
1022,invaluablely
1023,inventive
1024,invigorate
1025,invigorating
1026,invincibility
1027,invincible
1028,inviolable
1029,inviolate
1030,invulnerable
1031,irreplaceable
1032,irreproachable
1033,irresistible
1034,irresistibly
1035,issue-free
1036,jaw-droping
1037,jaw-dropping
1038,jollify
1039,jolly
1040,jovial
1041,joy
1042,joyful
1043,joyfully
1044,joyous
1045,joyously
1046,jubilant
1047,jubilantly
1048,jubilate
1049,jubilation
1050,jubiliant
1051,judicious
1052,justly
1053,keen
1054,keenly
1055,keenness
1056,kid-friendly
1057,kindliness
1058,kindly
1059,kindness
1060,knowledgeable
1061,kudos
1062,large-capacity
1063,laud
1064,laudable
1065,laudably
1066,lavish
1067,lavishly
1068,law-abiding
1069,lawful
1070,lawfully
1071,lead
1072,leading
1073,leads
1074,lean
1075,led
1076,legendary
1077,leverage
1078,levity
1079,liberate
1080,liberation
1081,liberty
1082,lifesaver
1083,light-hearted
1084,lighter
1085,likable
1086,like
1087,liked
1088,likes
1089,liking
1090,lionhearted
1091,lively
1092,logical
1093,long-lasting
1094,lovable
1095,lovably
1096,love
1097,loved
1098,loveliness
1099,lovely
1100,lover
1101,loves
1102,loving
1103,low-cost
1104,low-price
1105,low-priced
1106,low-risk
1107,lower-priced
1108,loyal
1109,loyalty
1110,lucid
1111,lucidly
1112,luck
1113,luckier
1114,luckiest
1115,luckiness
1116,lucky
1117,lucrative
1118,luminous
1119,lush
1120,luster
1121,lustrous
1122,luxuriant
1123,luxuriate
1124,luxurious
1125,luxuriously
1126,luxury
1127,lyrical
1128,magic
1129,magical
1130,magnanimous
1131,magnanimously
1132,magnificence
1133,magnificent
1134,magnificently
1135,majestic
1136,majesty
1137,manageable
1138,maneuverable
1139,marvel
1140,marveled
1141,marvelled
1142,marvellous
1143,marvelous
1144,marvelously
1145,marvelousness
1146,marvels
1147,master
1148,masterful
1149,masterfully
1150,masterpiece
1151,masterpieces
1152,masters
1153,mastery
1154,matchless
1155,mature
1156,maturely
1157,maturity
1158,meaningful
1159,memorable
1160,merciful
1161,mercifully
1162,mercy
1163,merit
1164,meritorious
1165,merrily
1166,merriment
1167,merriness
1168,merry
1169,mesmerize
1170,mesmerized
1171,mesmerizes
1172,mesmerizing
1173,mesmerizingly
1174,meticulous
1175,meticulously
1176,mightily
1177,mighty
1178,mind-blowing
1179,miracle
1180,miracles
1181,miraculous
1182,miraculously
1183,miraculousness
1184,modern
1185,modest
1186,modesty
1187,momentous
1188,monumental
1189,monumentally
1190,morality
1191,motivated
1192,multi-purpose
1193,navigable
1194,neat
1195,neatest
1196,neatly
1197,nice
1198,nicely
1199,nicer
1200,nicest
1201,nifty
1202,nimble
1203,noble
1204,nobly
1205,noiseless
1206,non-violence
1207,non-violent
1208,notably
1209,noteworthy
1210,nourish
1211,nourishing
1212,nourishment
1213,novelty
1214,nurturing
1215,oasis
1216,obsession
1217,obsessions
1218,obtainable
1219,openly
1220,openness
1221,optimal
1222,optimism
1223,optimistic
1224,opulent
1225,orderly
1226,originality
1227,outdo
1228,outdone
1229,outperform
1230,outperformed
1231,outperforming
1232,outperforms
1233,outshine
1234,outshone
1235,outsmart
1236,outstanding
1237,outstandingly
1238,outstrip
1239,outwit
1240,ovation
1241,overjoyed
1242,overtake
1243,overtaken
1244,overtakes
1245,overtaking
1246,overtook
1247,overture
1248,pain-free
1249,painless
1250,painlessly
1251,palatial
1252,pamper
1253,pampered
1254,pamperedly
1255,pamperedness
1256,pampers
1257,panoramic
1258,paradise
1259,paramount
1260,pardon
1261,passion
1262,passionate
1263,passionately
1264,patience
1265,patient
1266,patiently
1267,patriot
1268,patriotic
1269,peace
1270,peaceable
1271,peaceful
1272,peacefully
1273,peacekeepers
1274,peach
1275,peerless
1276,pep
1277,pepped
1278,pepping
1279,peppy
1280,peps
1281,perfect
1282,perfection
1283,perfectly
1284,permissible
1285,perseverance
1286,persevere
1287,personages
1288,personalized
1289,phenomenal
1290,phenomenally
1291,picturesque
1292,piety
1293,pinnacle
1294,playful
1295,playfully
1296,pleasant
1297,pleasantly
1298,pleased
1299,pleases
1300,pleasing
1301,pleasingly
1302,pleasurable
1303,pleasurably
1304,pleasure
1305,plentiful
1306,pluses
1307,plush
1308,plusses
1309,poetic
1310,poeticize
1311,poignant
1312,poise
1313,poised
1314,polished
1315,polite
1316,politeness
1317,popular
1318,portable
1319,posh
1320,positive
1321,positively
1322,positives
1323,powerful
1324,powerfully
1325,praise
1326,praiseworthy
1327,praising
1328,pre-eminent
1329,precious
1330,precise
1331,precisely
1332,preeminent
1333,prefer
1334,preferable
1335,preferably
1336,prefered
1337,preferes
1338,preferring
1339,prefers
1340,premier
1341,prestige
1342,prestigious
1343,prettily
1344,pretty
1345,priceless
1346,pride
1347,principled
1348,privilege
1349,privileged
1350,prize
1351,proactive
1352,problem-free
1353,problem-solver
1354,prodigious
1355,prodigiously
1356,prodigy
1357,productive
1358,productively
1359,proficient
1360,proficiently
1361,profound
1362,profoundly
1363,profuse
1364,profusion
1365,progress
1366,progressive
1367,prolific
1368,prominence
1369,prominent
1370,promise
1371,promised
1372,promises
1373,promising
1374,promoter
1375,prompt
1376,promptly
1377,proper
1378,properly
1379,propitious
1380,propitiously
1381,pros
1382,prosper
1383,prosperity
1384,prosperous
1385,prospros
1386,protect
1387,protection
1388,protective
1389,proud
1390,proven
1391,proves
1392,providence
1393,proving
1394,prowess
1395,prudence
1396,prudent
1397,prudently
1398,punctual
1399,pure
1400,purify
1401,purposeful
1402,quaint
1403,qualified
1404,qualify
1405,quicker
1406,quiet
1407,quieter
1408,radiance
1409,radiant
1410,rapid
1411,rapport
1412,rapt
1413,rapture
1414,raptureous
1415,raptureously
1416,rapturous
1417,rapturously
1418,rational
1419,razor-sharp
1420,reachable
1421,readable
1422,readily
1423,ready
1424,reaffirm
1425,reaffirmation
1426,realistic
1427,realizable
1428,reasonable
1429,reasonably
1430,reasoned
1431,reassurance
1432,reassure
1433,receptive
1434,reclaim
1435,recomend
1436,recommend
1437,recommendation
1438,recommendations
1439,recommended
1440,reconcile
1441,reconciliation
1442,record-setting
1443,recover
1444,recovery
1445,rectification
1446,rectify
1447,rectifying
1448,redeem
1449,redeeming
1450,redemption
1451,refine
1452,refined
1453,refinement
1454,reform
1455,reformed
1456,reforming
1457,reforms
1458,refresh
1459,refreshed
1460,refreshing
1461,refund
1462,refunded
1463,regal
1464,regally
1465,regard
1466,rejoice
1467,rejoicing
1468,rejoicingly
1469,rejuvenate
1470,rejuvenated
1471,rejuvenating
1472,relaxed
1473,relent
1474,reliable
1475,reliably
1476,relief
1477,relish
1478,remarkable
1479,remarkably
1480,remedy
1481,remission
1482,remunerate
1483,renaissance
1484,renewed
1485,renown
1486,renowned
1487,replaceable
1488,reputable
1489,reputation
1490,resilient
1491,resolute
1492,resound
1493,resounding
1494,resourceful
1495,resourcefulness
1496,respect
1497,respectable
1498,respectful
1499,respectfully
1500,respite
1501,resplendent
1502,responsibly
1503,responsive
1504,restful
1505,restored
1506,restructure
1507,restructured
1508,restructuring
1509,retractable
1510,revel
1511,revelation
1512,revere
1513,reverence
1514,reverent
1515,reverently
1516,revitalize
1517,revival
1518,revive
1519,revives
1520,revolutionary
1521,revolutionize
1522,revolutionized
1523,revolutionizes
1524,reward
1525,rewarding
1526,rewardingly
1527,rich
1528,richer
1529,richly
1530,richness
1531,right
1532,righten
1533,righteous
1534,righteously
1535,righteousness
1536,rightful
1537,rightfully
1538,rightly
1539,rightness
1540,risk-free
1541,robust
1542,rock-star
1543,rock-stars
1544,rockstar
1545,rockstars
1546,romantic
1547,romantically
1548,romanticize
1549,roomier
1550,roomy
1551,rosy
1552,safe
1553,safely
1554,sagacity
1555,sagely
1556,saint
1557,saintliness
1558,saintly
1559,salutary
1560,salute
1561,sane
1562,satisfactorily
1563,satisfactory
1564,satisfied
1565,satisfies
1566,satisfy
1567,satisfying
1568,satisified
1569,saver
1570,savings
1571,savior
1572,savvy
1573,scenic
1574,seamless
1575,seasoned
1576,secure
1577,securely
1578,selective
1579,self-determination
1580,self-respect
1581,self-satisfaction
1582,self-sufficiency
1583,self-sufficient
1584,sensation
1585,sensational
1586,sensationally
1587,sensations
1588,sensible
1589,sensibly
1590,sensitive
1591,serene
1592,serenity
1593,sexy
1594,sharp
1595,sharper
1596,sharpest
1597,shimmering
1598,shimmeringly
1599,shine
1600,shiny
1601,significant
1602,silent
1603,simpler
1604,simplest
1605,simplified
1606,simplifies
1607,simplify
1608,simplifying
1609,sincere
1610,sincerely
1611,sincerity
1612,skill
1613,skilled
1614,skillful
1615,skillfully
1616,slammin
1617,sleek
1618,slick
1619,smart
1620,smarter
1621,smartest
1622,smartly
1623,smile
1624,smiles
1625,smiling
1626,smilingly
1627,smitten
1628,smooth
1629,smoother
1630,smoothes
1631,smoothest
1632,smoothly
1633,snappy
1634,snazzy
1635,sociable
1636,soft
1637,softer
1638,solace
1639,solicitous
1640,solicitously
1641,solid
1642,solidarity
1643,soothe
1644,soothingly
1645,sophisticated
1646,soulful
1647,soundly
1648,soundness
1649,spacious
1650,sparkle
1651,sparkling
1652,spectacular
1653,spectacularly
1654,speedily
1655,speedy
1656,spellbind
1657,spellbinding
1658,spellbindingly
1659,spellbound
1660,spirited
1661,spiritual
1662,splendid
1663,splendidly
1664,splendor
1665,spontaneous
1666,sporty
1667,spotless
1668,sprightly
1669,stability
1670,stabilize
1671,stable
1672,stainless
1673,standout
1674,state-of-the-art
1675,stately
1676,statuesque
1677,staunch
1678,staunchly
1679,staunchness
1680,steadfast
1681,steadfastly
1682,steadfastness
1683,steadiest
1684,steadiness
1685,steady
1686,stellar
1687,stellarly
1688,stimulate
1689,stimulates
1690,stimulating
1691,stimulative
1692,stirringly
1693,straighten
1694,straightforward
1695,streamlined
1696,striking
1697,strikingly
1698,striving
1699,strong
1700,stronger
1701,strongest
1702,stunned
1703,stunning
1704,stunningly
1705,stupendous
1706,stupendously
1707,sturdier
1708,sturdy
1709,stylish
1710,stylishly
1711,stylized
1712,suave
1713,suavely
1714,sublime
1715,subsidize
1716,subsidized
1717,subsidizes
1718,subsidizing
1719,substantive
1720,succeed
1721,succeeded
1722,succeeding
1723,succeeds
1724,succes
1725,success
1726,successes
1727,successful
1728,successfully
1729,suffice
1730,sufficed
1731,suffices
1732,sufficient
1733,sufficiently
1734,suitable
1735,sumptuous
1736,sumptuously
1737,sumptuousness
1738,super
1739,superb
1740,superbly
1741,superior
1742,superiority
1743,supple
1744,support
1745,supported
1746,supporter
1747,supporting
1748,supportive
1749,supports
1750,supremacy
1751,supreme
1752,supremely
1753,supurb
1754,supurbly
1755,surmount
1756,surpass
1757,surreal
1758,survival
1759,survivor
1760,sustainability
1761,sustainable
1762,swank
1763,swankier
1764,swankiest
1765,swanky
1766,sweeping
1767,sweet
1768,sweeten
1769,sweetheart
1770,sweetly
1771,sweetness
1772,swift
1773,swiftness
1774,talent
1775,talented
1776,talents
1777,tantalize
1778,tantalizing
1779,tantalizingly
1780,tempt
1781,tempting
1782,temptingly
1783,tenacious
1784,tenaciously
1785,tenacity
1786,tender
1787,tenderly
1788,terrific
1789,terrifically
1790,thank
1791,thankful
1792,thinner
1793,thoughtful
1794,thoughtfully
1795,thoughtfulness
1796,thrift
1797,thrifty
1798,thrill
1799,thrilled
1800,thrilling
1801,thrillingly
1802,thrills
1803,thrive
1804,thriving
1805,thumb-up
1806,thumbs-up
1807,tickle
1808,tidy
1809,time-honored
1810,timely
1811,tingle
1812,titillate
1813,titillating
1814,titillatingly
1815,togetherness
1816,tolerable
1817,toll-free
1818,top
1819,top-notch
1820,top-quality
1821,topnotch
1822,tops
1823,tough
1824,tougher
1825,toughest
1826,traction
1827,tranquil
1828,tranquility
1829,transparent
1830,treasure
1831,tremendously
1832,trendy
1833,triumph
1834,triumphal
1835,triumphant
1836,triumphantly
1837,trivially
1838,trophy
1839,trouble-free
1840,trump
1841,trumpet
1842,trust
1843,trusted
1844,trusting
1845,trustingly
1846,trustworthiness
1847,trustworthy
1848,trusty
1849,truthful
1850,truthfully
1851,truthfulness
1852,twinkly
1853,ultra-crisp
1854,unabashed
1855,unabashedly
1856,unaffected
1857,unassailable
1858,unbeatable
1859,unbiased
1860,unbound
1861,uncomplicated
1862,unconditional
1863,undamaged
1864,undaunted
1865,understandable
1866,undisputable
1867,undisputably
1868,undisputed
1869,unencumbered
1870,unequivocal
1871,unequivocally
1872,unfazed
1873,unfettered
1874,unforgettable
1875,unity
1876,unlimited
1877,unmatched
1878,unparalleled
1879,unquestionable
1880,unquestionably
1881,unreal
1882,unrestricted
1883,unrivaled
1884,unselfish
1885,unwavering
1886,upbeat
1887,upgradable
1888,upgradeable
1889,upgraded
1890,upheld
1891,uphold
1892,uplift
1893,uplifting
1894,upliftingly
1895,upliftment
1896,upscale
1897,usable
1898,useable
1899,useful
1900,user-friendly
1901,user-replaceable
1902,valiant
1903,valiantly
1904,valor
1905,valuable
1906,variety
1907,venerate
1908,verifiable
1909,veritable
1910,versatile
1911,versatility
1912,vibrant
1913,vibrantly
1914,victorious
1915,victory
1916,viewable
1917,vigilance
1918,vigilant
1919,virtue
1920,virtuous
1921,virtuously
1922,visionary
1923,vivacious
1924,vivid
1925,vouch
1926,vouchsafe
1927,warm
1928,warmer
1929,warmhearted
1930,warmly
1931,warmth
1932,wealthy
1933,welcome
1934,well
1935,well-backlit
1936,well-balanced
1937,well-behaved
1938,well-being
1939,well-bred
1940,well-connected
1941,well-educated
1942,well-established
1943,well-informed
1944,well-intentioned
1945,well-known
1946,well-made
1947,well-managed
1948,well-mannered
1949,well-positioned
1950,well-received
1951,well-regarded
1952,well-rounded
1953,well-run
1954,well-wishers
1955,wellbeing
1956,whoa
1957,wholeheartedly
1958,wholesome
1959,whooa
1960,whoooa
1961,wieldy
1962,willing
1963,willingly
1964,willingness
1965,win
1966,windfall
1967,winnable
1968,winner
1969,winners
1970,winning
1971,wins
1972,wisdom
1973,wise
1974,wisely
1975,witty
1976,won
1977,wonder
1978,wonderful
1979,wonderfully
1980,wonderous
1981,wonderously
1982,wonders
1983,wondrous
1984,woo
1985,work
1986,workable
1987,worked
1988,works
1989,world-famous
1990,worth
1991,worth-while
1992,worthiness
1993,worthwhile
1994,worthy
1995,wow
1996,wowed
1997,wowing
1998,wows
1999,yay
2000,youthful
2001,zeal
2002,zenith
2003,zest
2004,zippy
